Genus,species,Family,Milne,Kimbe,Bootless,Madang,Bismark Sea,Museum Bootless,Total Areas,Fished,length (cm)Acanthurus,auranticavus,Acanthuridae,0,1,1,0,0,0,2,fished,45Acanthurus,bariene,Acanthuridae,1,0,0,1,1,0,3,fished,50Acanthurus,blochi,Acanthuridae,1,1,0,0,1,0,3,fished,45Acanthurus,dussumieri,Acanthuridae,1,1,0,0,0,0,2,fished,54Acanthurus,fowleri,Acanthuridae,1,1,1,1,1,0,5,fished,45Acanthurus,grammoptilus,Acanthuridae,0,0,1,0,0,0,1,fished,35Acanthurus,guttatus,Acanthuridae,0,0,0,0,1,0,1,fished,26Acanthurus,leucocheilus,Acanthuridae,1,1,1,0,1,0,4,fished,45Acanthurus,lineatus,Acanthuridae,1,1,0,1,1,0,4,fished,38Acanthurus,maculiceps,Acanthuridae,1,1,0,1,1,0,4,fished,40Acanthurus,mata,Acanthuridae,1,1,0,1,1,0,4,fished,50Acanthurus,nigricans,Acanthuridae,1,1,1,1,1,0,5,fished,21.3Acanthurus,nigricaudus,Acanthuridae,1,0,0,1,1,1,4,fished,40Acanthurus,nigrofuscus,Acanthuridae,1,0,0,1,1,0,3,fished,21Acanthurus,nigroris,Acanthuridae,0,0,1,0,0,0,1,fished,25Acanthurus,nubilus,Acanthuridae,1,1,0,0,1,0,3,fished,26Acanthurus,olivaceus,Acanthuridae,1,1,1,1,1,1,6,fished,35Acanthurus,pyroferus,Acanthuridae,1,1,1,1,1,0,5,fished,29Acanthurus,thompsoni,Acanthuridae,1,1,0,1,1,0,4,fished,27Acanthurus,triostegus,Acanthuridae,1,1,1,1,1,1,6,fished,27Acanthurus,xanthopterus,Acanthuridae,0,1,0,1,1,1,4,fished,70Ctenochaetus,binotatus,Acanthuridae,1,1,1,1,1,0,5,fished,22Ctenochaetus,cyanocheilus,Acanthuridae,0,0,0,0,1,0,1,fished,16Ctenochaetus,striatus,Acanthuridae,1,1,1,1,1,1,6,fished,26Ctenochaetus,strigosus,Acanthuridae,1,1,0,0,0,0,2,fished,14.6Ctenochaetus,tominiensis,Acanthuridae,1,1,0,1,1,0,4,fished,16Naso,annulatus,Acanthuridae,1,1,0,1,1,0,4,fished,100Naso,brachycentron,Acanthuridae,1,1,0,1,1,0,4,fished,90Naso,brevirostris,Acanthuridae,1,1,1,1,1,0,5,fished,60Naso,caeruleacauda,Acanthuridae,0,0,0,0,1,0,1,fished,40Naso,hexacanthus,Acanthuridae,1,1,0,1,1,0,4,fished,75Naso,lituratus,Acanthuridae,1,1,0,1,1,0,4,fished,46Naso,lopezi,Acanthuridae,1,1,1,1,0,0,4,fished,60Naso,minor,Acanthuridae,1,1,0,0,0,0,2,fished,30Naso,thynnoides,Acanthuridae,1,1,0,1,0,0,3,fished,40Naso,tonganus,Acanthuridae,0,0,0,0,1,0,1,fished,60Naso,tuberosus,Acanthuridae,1,0,0,0,0,1,2,fished,60Naso,unicornis,Acanthuridae,1,1,0,1,1,0,4,fished,70Naso,vlamingii,Acanthuridae,1,1,1,1,1,0,5,fished,60Paracanthurus,hepatus,Acanthuridae,1,1,0,1,1,0,4,fished,31Zebrasoma,scopas,Acanthuridae,1,1,0,1,1,1,5,fished,40Zebrasoma,veliferum,Acanthuridae,1,1,0,1,1,1,5,fished,40Abalistes,stellatus,Balistidae,1,0,1,0,0,0,2,fished,60Balistapus,undulatus,Balistidae,1,1,1,1,1,0,5,fished,30Balistoides,conspicillum,Balistidae,1,1,1,1,1,0,5,fished,50Balistoides,viridescens,Balistidae,1,1,1,1,1,0,5,fished,75Canthidermis,maculatus,Balistidae,1,1,0,1,1,0,4,fished,50Melichthys,niger,Balistidae,0,0,0,0,1,0,1,fished,50Melichthys,vidua,Balistidae,1,1,1,1,1,0,5,fished,40Odonus,niger,Balistidae,1,1,0,1,1,0,4,fished,50Pseudobalistes,flavimarginatus,Balistidae,1,1,1,1,1,0,5,fished,60Pseudobalistes,fuscus,Balistidae,0,0,0,1,0,0,1,fished,55Rhinecanthus,aculeatus,Balistidae,1,1,0,0,1,1,4,fished,30Rhinecanthus,rectangulus,Balistidae,1,1,1,1,0,0,4,fished,30Rhinecanthus,verrucosus,Balistidae,1,1,1,1,1,0,5,fished,23Sufflamen,bursa,Balistidae,1,1,1,1,0,0,4,fished,25Sufflamen,chrysoptera,Balistidae,1,1,1,1,1,0,5,fished,30Sufflamen,fraenatus,Balistidae,1,0,0,1,1,0,3,fished,38Xanthichthys,auromarginatus,Balistidae,0,0,0,1,0,0,1,fished,30Caesio,caerulaurea,Caesionidae,1,1,1,1,1,1,6,fished,35Caesio,cuning,Caesionidae,1,1,1,1,1,1,6,fished,60Caesio,lunaris,Caesionidae,1,1,0,1,1,0,4,fished,40Caesio,teres,Caesionidae,1,1,1,1,1,0,5,fished,40Dipterygonotus,balteatus,Caesionidae,0,0,0,1,0,0,1,fished,14Gymnocaesio,gymnoptera,Caesionidae,1,1,0,1,1,0,4,fished,18Pterocaesio,chrysozona,Caesionidae,0,0,0,1,0,0,1,fished,21Pterocaesio,digramma,Caesionidae,1,1,1,1,1,0,5,fished,30Pterocaesio,lativittata,Caesionidae,1,1,0,1,1,0,4,fished,23Pterocaesio,marri,Caesionidae,1,1,0,1,0,0,3,fished,35Pterocaesio,pisang,Caesionidae,1,1,1,1,0,0,4,fished,21Pterocaesio,randalli,Caesionidae,0,0,0,1,0,0,1,fished,25Pterocaesio,tessellata,Caesionidae,1,1,0,1,1,0,4,fished,25Pterocaesio,tile,Caesionidae,1,1,0,1,1,0,4,fished,30Pterocaesio,trilineata,Caesionidae,1,1,0,0,1,0,3,fished,20Alepes,vari,Carangidae,1,0,0,0,0,0,1,fished,56Atule,mate,Carangidae,1,0,0,0,0,0,1,fished,30Carangoides,bajad,Carangidae,1,1,0,1,1,0,4,fished,55Carangoides,ferdau,Carangidae,1,1,0,1,1,0,4,fished,70Carangoides,fulvoguttatus,Carangidae,1,1,0,0,1,0,3,fished,120Carangoides,oblongus,Carangidae,1,0,0,0,1,0,2,fished,46Carangoides,orthogrammus,Carangidae,1,1,0,0,0,0,2,fished,75Carangoides,plagiotaenia,Carangidae,1,1,1,1,1,0,5,fished,50Caranx,bucculentus,Carangidae,0,0,0,1,0,0,1,fished,66Caranx,ignobilis,Carangidae,1,1,0,1,1,0,4,fished,170Caranx,melampygus,Carangidae,1,1,1,1,1,1,6,fished,117Caranx,papuensis,Carangidae,1,1,0,1,1,0,4,fished,88Caranx,sexfasciatus,Carangidae,1,1,1,1,1,1,6,fished,120Caranx,tille,Carangidae,0,1,0,1,0,0,2,fished,80Decapterus,macarellus,Carangidae,0,1,0,1,0,0,2,fished,46Decapterus,macrosoma,Carangidae,0,1,0,0,0,0,1,fished,35Elagatis,bipinnulata,Carangidae,1,1,0,1,1,0,4,fished,180Gnathanodon,speciosus,Carangidae,1,1,0,1,1,1,5,fished,120Naucrates,ductor,Carangidae,0,0,0,1,0,0,1,fished,70Parastromateus,niger,Carangidae,0,0,0,1,0,0,1,fished,75Scomberoides,commersonnianus,Carangidae,0,1,0,0,0,0,1,fished,120Scomberoides,lysan,Carangidae,1,1,0,1,1,0,4,fished,110Scomberoides,lysan,Carangidae,1,1,0,1,1,1,5,Fished,110Scomberoides,tol,Carangidae,1,0,0,0,0,1,2,fished,60Selar,boops,Carangidae,1,1,0,1,0,0,3,fished,25Selar,crumenophthalmus,Carangidae,1,1,0,1,1,0,4,fished,70Selaroides,leptolepis,Carangidae,1,0,0,1,0,0,2,fished,22Seriola,rivoliana,Carangidae,0,1,0,0,0,0,1,fished,160Trachinotus,baillonii,Carangidae,1,0,0,1,0,0,2,fished,60Trachinotus,blochii,Carangidae,1,0,0,1,1,0,3,fished,110Carcharhinus,albimarginatus,Carcharhinidae,1,1,0,0,1,0,3,fished,300Carcharhinus,amblyrhynchos,Carcharhinidae,1,1,0,1,1,0,4,fished,255Carcharhinus,falciformis,Carcharhinidae,0,1,0,0,0,0,1,fished,350Carcharhinus,longimanus,Carcharhinidae,0,1,0,0,0,0,1,fished,400Carcharhinus,melanopterus,Carcharhinidae,1,1,1,0,1,0,4,fished,200Galeocerdo,cuvier,Carcharhinidae,1,1,0,0,1,0,3,fished,750Triaenodon,obesus,Carcharhinidae,1,1,1,1,1,0,5,fished,213Chaetodon,auriga,Chaetodontidae,1,1,1,1,1,1,6,not fished,23Chaetodon,baronessa,Chaetodontidae,1,1,1,1,1,1,6,not fished,16Chaetodon,bennetti,Chaetodontidae,1,1,1,1,1,1,6,not fished,20Chaetodon,burgessi,Chaetodontidae,1,1,0,1,1,0,4,not fished,14Chaetodon,citrinellus,Chaetodontidae,1,1,1,1,1,1,6,not fished,13Chaetodon,ephippium,Chaetodontidae,1,1,1,1,1,1,6,not fished,30Chaetodon,kleinii,Chaetodontidae,1,1,1,1,1,1,6,not fished,15Chaetodon,lineolatus,Chaetodontidae,1,1,1,1,0,1,5,not fished,30Chaetodon,lunula,Chaetodontidae,1,1,0,1,1,0,4,not fished,20Chaetodon,lunulatus,Chaetodontidae,1,1,0,1,1,0,4,not fished,14Chaetodon,melannotus,Chaetodontidae,1,1,1,1,1,0,5,not fished,18Chaetodon,mertensii,Chaetodontidae,1,0,0,0,1,0,2,not fished,12.5Chaetodon,meyeri,Chaetodontidae,1,1,0,1,1,0,4,not fished,20Chaetodon,ocellicaudus,Chaetodontidae,1,1,0,1,0,0,3,not fished,15Chaetodon,octofasciatus,Chaetodontidae,1,1,0,1,1,0,4,not fished,12Chaetodon,ornatissimus,Chaetodontidae,1,1,1,1,1,0,5,not fished,20Chaetodon,oxycephalus,Chaetodontidae,1,1,0,1,1,0,4,not fished,25Chaetodon,pelewensis,Chaetodontidae,1,1,1,1,1,0,5,not fished,12.5Chaetodon,plebeius,Chaetodontidae,1,0,1,1,1,1,5,not fished,15Chaetodon,punctatofasciatus,Chaetodontidae,1,1,0,1,1,0,4,not fished,12Chaetodon,raffles,Chaetodontidae,1,1,0,1,1,1,5,not fished,18Chaetodon,reticulatus,Chaetodontidae,1,0,0,0,0,0,1,not fished,18Chaetodon,semeion,Chaetodontidae,1,1,0,1,1,0,4,not fished,26Chaetodon,speculum,Chaetodontidae,1,1,1,1,0,0,4,not fished,18Chaetodon,trifascialis,Chaetodontidae,1,1,1,1,1,1,6,not fished,18Chaetodon,ulietensis,Chaetodontidae,1,1,1,1,1,1,6,not fished,15Chaetodon,unimaculatus,Chaetodontidae,1,1,1,1,0,1,5,not fished,20Chaetodon,vagabundus,Chaetodontidae,1,1,1,1,1,1,6,not fished,23Chelmon,rostratus,Chaetodontidae,1,0,1,0,1,1,4,not fished,20Coradion,altivelis,Chaetodontidae,1,1,0,1,0,0,3,not fished,18Coradion,chrysozonus,Chaetodontidae,1,0,0,1,1,0,3,not fished,15Coradion,melanopus,Chaetodontidae,1,0,0,1,0,0,2,not fished,15Forcipiger,flavissimus,Chaetodontidae,1,1,1,1,1,0,5,not fished,22Forcipiger,longirostris,Chaetodontidae,1,1,1,1,1,0,5,not fished,22Hemitaurichthys,polylepis,Chaetodontidae,1,1,1,1,1,0,5,not fished,18Heniochus,acuminatus,Chaetodontidae,1,1,1,1,1,1,6,not fished,25Heniochus,chrysostomus,Chaetodontidae,1,1,1,1,1,1,6,not fished,18Heniochus,diphreutes,Chaetodontidae,1,1,0,0,0,0,2,not fished,21Heniochus,monoceros,Chaetodontidae,1,0,0,1,1,0,3,not fished,24Heniochus,singularius,Chaetodontidae,1,1,1,1,1,0,5,not fished,30Heniochus,varius,Chaetodontidae,1,1,1,1,1,1,6,not fished,19Parachaetodon,ocellatus,Chaetodontidae,1,0,0,0,1,1,3,not fished,18Amblycirrhitus,bimaculata,Cirrhitidae,0,0,0,1,0,0,1,not fished,8.5Cirrhitichthys,aprinus,Cirrhitidae,1,0,1,1,0,0,3,not fished,12.5Cirrhitichthys,falco,Cirrhitidae,1,1,1,1,1,0,5,not fished,7Cirrhitichthys,oxycephalus,Cirrhitidae,1,1,1,1,1,0,5,not fished,10Cirrhitus,pinnulatus,Cirrhitidae,0,1,0,1,1,0,3,not fished,30Cyprinocirrhites,polyactis,Cirrhitidae,1,1,0,1,0,0,3,not fished,15Neocirrhites,armatus,Cirrhitidae,1,0,0,0,0,0,1,not fished,9Oxycirrhitus,typus,Cirrhitidae,1,1,1,1,0,0,4,not fished,13Paracirrhites,arcatus,Cirrhitidae,1,1,1,1,1,0,5,not fished,20Paracirrhites,forsteri,Cirrhitidae,0,1,1,1,1,0,4,not fished,22Herklotsichthys ,quadrimaculatus,Clupeidae,1,1,0,1,0,0,3,Fished,25Echeneis,naucrates,Echeneidae,1,1,0,1,1,0,4,Fished,110Gerres ,acinaces,Gerreidaeæ,0,0,0,0,0,0,0,Fished,44.5Plectorhinchus,chrysotaenia,Haemulidae,0,0,1,0,1,0,2,Fished,41Plectorhinchus,lessoni,Haemulidae,1,0,0,0,1,1,3,Fished,40Plectorhinchus,vittatus,Haemulidae,0,1,1,1,1,0,4,Fished,72Hyporhamphus ,dussumieri,Hemiramphidae,1,0,0,1,1,1,4,Fished,38Myripristis ,amaena,Holocentridae,0,0,0,0,0,0,0,Fished,26.5Myripristis ,murdjan,Holocentridae,1,1,1,1,1,1,6,Fished,60Myripristis ,pralinia,Holocentridae,1,1,0,1,1,0,4,Fished,20Sargocentron,diadema,Holocentridae,1,0,0,1,0,1,3,Fished,32Sargocentron,praslin,Holocentridae,1,1,1,0,0,0,3,Fished,51Sargocentron,spiniferum,Holocentridae,1,1,0,1,1,1,5,Fished,17Sargocentron ,rubrum,Holocentridae,0,0,1,1,0,1,3,Fished,32Kyphosus,cinerascens,Kyphosidae,1,1,1,1,1,0,5,Fished,50Oxycheilinus ,celebecus,Labridae,1,1,0,1,1,0,4,Fished,24Oxycheilinus ,unifasciatus,Labridae,1,0,0,0,1,0,2,Fished,46Gnathodentex,aureolineatus,Lethrinidae,1,1,1,0,1,0,4,Fished,30Gnathodentex,aurolineatus,Lethrinidae,1,0,0,0,1,0,2,fished,30Gymnocranius,elongatus,Lethrinidae,0,0,0,1,0,0,1,fished,35Gymnocranius,grandoculus,Lethrinidae,1,0,0,0,0,0,1,fished,80Lethrinus,atkinsoni,Lethrinidae,1,0,0,0,1,0,2,fished,50Lethrinus,erythracanthus,Lethrinidae,1,1,1,1,1,0,5,fished,70Lethrinus,erythropterus,Lethrinidae,1,1,0,1,1,0,4,fished,50Lethrinus,genivittatus,Lethrinidae,1,0,0,0,0,0,1,fished,25Lethrinus,harak,Lethrinidae,1,1,1,1,1,1,6,fished,50Lethrinus,lentjan,Lethrinidae,1,1,0,0,1,1,4,fished,52Lethrinus,microdon,Lethrinidae,1,0,0,0,1,0,2,fished,80Lethrinus,nebulosus,Lethrinidae,1,1,0,0,0,1,3,fished,87Lethrinus,obsoletus,Lethrinidae,1,1,0,0,1,0,3,fished,60Lethrinus,olivaceous,Lethrinidae,1,1,0,1,1,0,4,fished,100Lethrinus,ornatus,Lethrinidae,1,1,0,1,0,0,3,fished,45Lethrinus,reticulatus,Lethrinidae,0,0,0,0,1,0,1,fished,40Lethrinus,semicinctus,Lethrinidae,1,0,0,0,0,0,1,fished,35Lethrinus,variegatus,Lethrinidae,1,1,1,0,1,0,4,fished,20Lethrinus,xanthocheilus,Lethrinidae,1,0,0,0,1,0,2,fished,70Monotaxis,grandoculis,Lethrinidae,1,1,1,1,1,0,5,fished,60Wattsia,mossambica,Lethrinidae,0,1,0,1,0,0,2,fished,55Aphareus,furca,Lutjanidae,1,1,0,1,1,0,4,fished,70Aphareus,rutilans,Lutjanidae,0,0,0,1,0,0,1,Fished,110Aprion,virescens,Lutjanidae,1,1,0,1,1,0,4,fished,112Etelis,coruscans,Lutjanidae,0,0,0,1,0,0,1,fished,120Lutjanus,argentimaculatus,Lutjanidae,1,1,1,1,1,1,6,fished,150Lutjanus,biguttatus,Lutjanidae,1,1,1,1,1,0,5,fished,25Lutjanus,bohar,Lutjanidae,1,1,0,1,1,1,5,fished,90Lutjanus,boutton,Lutjanidae,1,1,0,1,1,0,4,fished,35Lutjanus,carponotatus,Lutjanidae,1,1,0,1,1,1,5,fished,40Lutjanus,ehrenburgi,Lutjanidae,1,0,0,1,1,0,3,fished,35Lutjanus,fulviflamma,Lutjanidae,1,1,0,1,1,0,4,fished,35Lutjanus,fulvus,Lutjanidae,1,1,0,1,1,1,5,fished,40Lutjanus,gibbus,Lutjanidae,1,1,1,1,1,1,6,fished,50Lutjanus,goldiei,Lutjanidae,0,0,0,1,0,0,1,fished,120Lutjanus,kasmira,Lutjanidae,1,1,0,1,1,1,5,fished,40Lutjanus,lutjanus,Lutjanidae,1,0,0,0,0,0,1,fished,35Lutjanus,madras,Lutjanidae,1,0,0,1,0,0,2,fished,30Lutjanus,malabaricus,Lutjanidae,0,0,0,1,0,0,1,fished,100Lutjanus,maxweberi,Lutjanidae,0,0,0,1,0,0,1,fished,15Lutjanus,mizenkoi,Lutjanidae,1,0,0,1,0,0,2,fished,32Lutjanus,monostigma,Lutjanidae,1,1,0,1,1,0,4,fished,60Lutjanus,quinquelineatus,Lutjanidae,1,0,0,1,1,0,3,fished,31Lutjanus,rivulatus,Lutjanidae,1,1,0,1,1,0,4,fished,80Lutjanus,rufolineatus,Lutjanidae,1,1,0,1,0,0,3,fished,30Lutjanus,russelli,Lutjanidae,1,1,0,1,1,1,5,fished,50Lutjanus,sebae,Lutjanidae,1,1,0,0,0,0,2,fished,116Lutjanus,semicinctus,Lutjanidae,1,1,1,1,1,1,6,fished,35Lutjanus,timorensis,Lutjanidae,1,1,0,1,0,0,3,fished,50Lutjanus,vitta,Lutjanidae,1,0,0,1,1,0,3,fished,40Lutjanus ,rufolineatus,Lutjanidae,1,1,0,1,0,0,3,Fished,30Macolor,macularis,Lutjanidae,1,1,1,1,1,0,5,fished,60Macolor,niger,Lutjanidae,1,1,0,1,1,0,4,fished,75Paracaesio,kusakarii,Lutjanidae,0,1,0,0,0,0,1,fished,60Paracaesio,sordidus,Lutjanidae,1,1,0,0,0,0,2,fished,48Paracaesio,xanthuru,Lutjanidae,1,0,0,0,0,0,1,fished,50Pinjalo,lewisi,Lutjanidae,0,1,0,1,1,0,3,fished,50Pristipomoides,typus,Lutjanidae,0,1,0,0,0,0,1,fished,70Pristipomoides,zonatus,Lutjanidae,0,1,0,0,0,0,1,fished,50Symphorichthys,spilurus,Lutjanidae,1,1,1,1,1,0,5,fished,60Symphorus,nematophorus,Lutjanidae,1,0,0,1,1,0,3,fished,100Aluterus,scriptus,Monacanthidae,1,1,1,1,1,0,5,Fished,110Crenimugil ,crenilabris,Mugilidae,1,0,0,0,0,0,1,Fished,60Liza ,vaigiensis,Mugilidae,1,0,0,0,1,1,3,Fished,63Mulloides ,vanicolensis,Mullidae,0,0,0,0,0,0,0,Fished,38Parupeneus,barberinus,Mullidae,1,1,0,1,0,0,3,Fished,60Parupeneus ,cyclostomus,Mullidae,1,1,0,1,0,0,3,Fished,50Parupeneus ,indicus,Mullidae,1,1,1,1,0,0,4,Fished,45Pentapodus,trivittatus,Nemipteridae,1,1,1,0,1,0,4,Fished,28Scolopsis,margaritiferaæ,Nemipteridae,1,1,0,1,1,0,4,Fished,28Parapercis ,clathrata,Pinguipedidaeæ,1,1,1,1,1,0,5,Fished,23Abudefduf,lorenzi,Pomacentridae,1,1,1,1,1,0,5,not fished,18Abudefduf,septemfasciatus,Pomacentridae,1,1,0,1,0,0,3,not fished,23Abudefduf,sexfasciatus,Pomacentridae,1,0,1,1,1,1,5,not fished,19Abudefduf,sordidus,Pomacentridae,1,0,0,0,0,0,1,not fished,24Abudefduf,vaigiensis,Pomacentridae,1,1,0,1,1,0,4,not fished,20Acanthochromis,polyacantha,Pomacentridae,1,1,0,1,1,0,4,not fished,14Amblyglyphidodon,aureus,Pomacentridae,1,1,1,1,1,0,5,not fished,13Amblyglyphidodon,batunai,Pomacentridae,1,0,0,0,0,0,1,not fished,10Amblyglyphidodon,curacao,Pomacentridae,1,1,1,1,1,0,5,not fished,11Amblyglyphidodon,leucogaster,Pomacentridae,1,1,1,1,1,0,5,not fished,13Amblyglyphidodon,ternatensis,Pomacentridae,1,1,0,1,1,0,4,not fished,10Amblypomacentrus,breviceps,Pomacentridae,1,1,0,0,0,0,2,not fished,8.5Amphiprion,chrysopterus,Pomacentridae,1,1,0,1,1,0,4,not fished,17Amphiprion,clarkii,Pomacentridae,1,1,1,1,1,0,5,not fished,15Amphiprion,leucokranos,Pomacentridae,1,0,0,0,1,0,2,not fished,12Amphiprion,melanopus,Pomacentridae,1,1,1,1,1,1,6,not fished,12Amphiprion,percula,Pomacentridae,1,1,1,1,1,0,5,not fished,11Amphiprion,perideraion,Pomacentridae,1,1,1,1,1,0,5,not fished,10Amphiprion,polymnus,Pomacentridae,1,1,1,1,1,0,5,not fished,13Amphiprion,sandaracinos,Pomacentridae,1,1,0,1,1,0,4,not fished,14Cheiloprion,labiatus,Pomacentridae,1,1,0,1,0,0,3,not fished,6Chromis,alpha,Pomacentridae,1,1,0,1,1,0,4,not fished,8.5Chromis,amboinensis,Pomacentridae,1,1,1,1,1,0,5,not fished,10Chromis,analis,Pomacentridae,1,1,0,1,1,1,5,not fished,17Chromis,atripectoralis,Pomacentridae,1,1,1,0,1,0,4,not fished,12Chromis,atripes,Pomacentridae,1,1,1,1,1,0,5,not fished,9Chromis,caudalis,Pomacentridae,1,0,0,0,0,0,1,not fished,7.5Chromis,delta,Pomacentridae,1,1,0,1,1,0,4,not fished,7Chromis,elerae,Pomacentridae,1,1,0,1,1,0,4,not fished,7Chromis,howsoni,Pomacentridae,1,0,0,0,0,0,1,not fished,5.6Chromis,iomelas,Pomacentridae,1,0,0,0,0,0,1,not fished,8Chromis,lepidolepis,Pomacentridae,1,1,0,1,1,0,4,not fished,9Chromis,lineata,Pomacentridae,1,1,0,1,1,0,4,not fished,7Chromis,margaritifer,Pomacentridae,1,1,1,1,1,0,5,not fished,9Chromis,retrofasciata,Pomacentridae,1,1,1,1,1,0,5,not fished,6Chromis,ternatensis,Pomacentridae,1,1,1,1,1,0,5,not fished,10.5Chromis,viridis,Pomacentridae,1,1,1,1,1,0,5,not fished,10Chromis,weberi,Pomacentridae,1,1,1,1,1,0,5,not fished,13.5Chromis,xanthochira,Pomacentridae,1,1,0,1,1,0,4,not fished,14Chromis,xanthura,Pomacentridae,1,1,0,1,1,0,4,not fished,17Chrysiptera,arnazae,Pomacentridae,0,0,0,1,0,0,1,not fished,3.9Chrysiptera,biocellata,Pomacentridae,1,1,0,1,1,0,4,not fished,12.5Chrysiptera,brownriggii,Pomacentridae,0,0,0,1,1,0,2,not fished,8Chrysiptera,caruleolineata,Pomacentridae,1,1,0,1,0,0,3,not fished,6Chrysiptera,cyanea,Pomacentridae,1,1,0,1,1,0,4,not fished,8.5Chrysiptera,cymatilis,Pomacentridae,1,0,0,1,1,0,3,not fished,3.6Chrysiptera,flavipinnis,Pomacentridae,1,0,0,0,1,0,2,not fished,8Chrysiptera,glauca,Pomacentridae,0,0,0,1,0,0,1,not fished,11.5Chrysiptera,leucopoma,Pomacentridae,1,0,0,0,0,0,1,not fished,8Chrysiptera,oxycephala,Pomacentridae,1,1,0,1,0,0,3,not fished,9Chrysiptera,parasema,Pomacentridae,0,1,0,0,1,0,2,not fished,7Chrysiptera,rex,Pomacentridae,1,1,0,1,1,0,4,not fished,7Chrysiptera,rollandi,Pomacentridae,1,1,1,1,1,0,5,not fished,7.5Chrysiptera,sinclari,Pomacentridae,0,0,0,0,1,0,1,not fished,5Chrysiptera,talboti,Pomacentridae,1,1,1,1,1,0,5,not fished,6Chrysiptera,unimaculata,Pomacentridae,1,1,0,1,1,0,4,not fished,10Dascyllus,aruanus,Pomacentridae,1,1,1,1,1,1,6,not fished,10Dascyllus,melanurus,Pomacentridae,1,1,0,1,1,0,4,not fished,8Dascyllus,reticulatus,Pomacentridae,1,1,0,1,1,0,4,not fished,9Dascyllus,trimaculatus,Pomacentridae,1,1,1,1,1,0,5,not fished,14Dischistodus,chrysopoecilus,Pomacentridae,1,1,0,0,1,0,3,not fished,15Dischistodus,melanotus,Pomacentridae,1,1,0,1,1,0,4,not fished,16Dischistodus,perspicillatus,Pomacentridae,1,1,0,1,1,0,4,not fished,18Dischistodus,prosopotaenia,Pomacentridae,1,1,1,1,1,0,5,not fished,18.5Dischistodus,pseudochrysopoecilus,Pomacentridae,1,0,0,0,0,0,1,not fished,18Hemiglyphidodon,plagiometopon,Pomacentridae,1,1,0,1,1,1,5,not fished,18Lepidozygus,tapeinosoma,Pomacentridae,1,1,0,0,0,0,2,not fished,10.5Neoglyphidodon,melas,Pomacentridae,1,1,1,1,1,0,5,not fished,18Neoglyphidodon,mitratus,Pomacentridae,0,0,0,1,0,0,1,not fished,6.2Neoglyphidodon,nigroris,Pomacentridae,1,1,1,1,1,0,5,not fished,13Neoglyphidodon,thoracotaeniatus,Pomacentridae,1,1,0,0,1,0,3,not fished,13.5Neoglyphidodon ,melas,Pomacentridae,1,1,1,1,1,0,5,Fished,18Neopomacentrus,aquadulcis,Pomacentridae,1,0,0,0,0,0,1,not fished,6.5Neopomacentrus,azysron,Pomacentridae,1,1,1,1,1,0,5,not fished,7.5Neopomacentrus,cyanomos,Pomacentridae,1,1,0,0,1,1,4,not fished,10Neopomacentrus,filamentosus,Pomacentridae,1,0,0,1,1,0,3,not fished,11Neopomacentrus,nemurus,Pomacentridae,1,1,0,1,1,0,4,not fished,8Neopomacentrus,taeniurus,Pomacentridae,0,0,1,1,0,0,2,not fished,10Neopomacentrus,violascens,Pomacentridae,1,1,0,1,0,1,4,not fished,7.5Plectroglyphidodon,dickii,Pomacentridae,1,1,0,1,1,0,4,not fished,11Plectroglyphidodon,johnstonianus,Pomacentridae,1,0,0,1,0,0,2,not fished,14Plectroglyphidodon,lacrymatus,Pomacentridae,1,1,1,1,1,0,5,not fished,10Plectroglyphidodon,leucozonus,Pomacentridae,1,1,0,1,1,0,4,not fished,12Plectroglyphidodon,phoenixensis,Pomacentridae,0,0,0,1,0,0,1,not fished,9Pomacentrus,adelus,Pomacentridae,1,1,0,1,1,0,4,not fished,8.5Pomacentrus,albimaculus,Pomacentridae,0,1,0,1,1,0,3,not fished,7Pomacentrus,amboinensis,Pomacentridae,1,1,1,1,1,1,6,not fished,9Pomacentrus,armillatus,Pomacentridae,0,0,1,0,0,0,1,not fished,8Pomacentrus,aurifrons,Pomacentridae,0,0,0,1,1,0,2,not fished,6.2Pomacentrus,bankanensis,Pomacentridae,1,1,1,1,1,0,5,not fished,9Pomacentrus,brachialis,Pomacentridae,1,1,0,1,1,0,4,not fished,8Pomacentrus,burroughi,Pomacentridae,1,1,0,1,1,0,4,not fished,8.5Pomacentrus,chrysurus,Pomacentridae,1,0,0,1,0,0,2,not fished,9Pomacentrus,coelestis,Pomacentridae,1,1,0,1,1,0,4,not fished,9Pomacentrus,colini,Pomacentridae,1,0,1,0,0,0,2,not fished,7Pomacentrus,grammorhynchus,Pomacentridae,1,0,1,1,1,0,4,not fished,9Pomacentrus,lepidogenys,Pomacentridae,1,1,0,1,1,0,4,not fished,9Pomacentrus,moluccensis,Pomacentridae,1,1,1,1,1,0,5,not fished,9Pomacentrus,nagasakiensis,Pomacentridae,1,0,1,1,1,0,4,not fished,11Pomacentrus,nigromanus,Pomacentridae,1,1,1,1,1,0,5,not fished,9Pomacentrus,nigromarginatus,Pomacentridae,1,1,0,1,1,0,4,not fished,8Pomacentrus,opisthostigma,Pomacentridae,1,0,0,0,0,0,1,not fished,6.5Pomacentrus,pavo,Pomacentridae,1,1,1,1,1,0,5,not fished,8.5Pomacentrus,philippinus,Pomacentridae,1,1,0,1,1,0,4,not fished,10Pomacentrus,reidi,Pomacentridae,1,1,1,1,1,0,5,not fished,9Pomacentrus,simsiang,Pomacentridae,1,1,0,1,1,0,4,not fished,7Pomacentrus,smithi,Pomacentridae,1,1,0,0,0,0,2,not fished,7Pomacentrus,taeniometopon,Pomacentridae,1,0,0,0,0,0,1,not fished,12Pomacentrus,tripunctatus,Pomacentridae,1,1,0,1,0,0,3,not fished,7.5Pomacentrus,vaiuli,Pomacentridae,1,1,0,1,1,0,4,not fished,10Pomacentrus,wardi,Pomacentridae,0,0,1,0,0,0,1,not fished,8Premnas,biaculeatus,Pomacentridae,1,1,1,1,1,1,6,not fished,17Stegastes,albifasciatus,Pomacentridae,1,1,1,1,1,0,5,not fished,13Stegastes,fasciolatus,Pomacentridae,1,1,1,1,1,0,5,not fished,16.5Stegastes,lividus,Pomacentridae,1,1,0,0,1,1,4,not fished,11Stegastes,nigricans,Pomacentridae,1,1,1,1,1,0,5,not fished,14Stegastes,punctatus,Pomacentridae,0,0,0,1,0,0,1,not fished,13Priacanthus ,hamrur,Priacanthidae,1,0,1,1,1,0,4,Fished,45Bolbometopon,muricatum,Scaridae,1,1,0,1,1,0,4,fished,130Calotomus,carolinus,Scaridae,1,1,1,1,1,0,5,fished,54Calotomus,spinidens,Scaridae,0,0,1,0,1,0,2,fished,30Cetoscarus,bicolor,Scaridae,1,1,1,0,0,0,3,fished,90Cetoscarus,ocellatus,Scaridae,0,0,0,1,1,0,2,fished,80Chlorurus,bleekeri,Scaridae,1,1,1,1,1,0,5,fished,49Chlorurus,bowersi,Scaridae,0,0,0,1,0,0,1,fished,40Chlorurus,frontalis,Scaridae,0,0,0,0,1,0,1,fished,50Chlorurus,japanensis,Scaridae,0,1,0,1,1,0,3,fished,31Chlorurus,microrhinos,Scaridae,1,1,1,1,1,0,5,fished,70Chlorurus,pyrrhurus,Scaridae,0,0,0,0,1,0,1,Fished,31Chlorurus,sordidus,Scaridae,1,1,1,1,1,1,6,fished,40Hipposcarus,longiceps,Scaridae,1,1,1,1,1,1,6,fished,60Leptoscarus,vaigiensis,Scaridae,1,0,1,1,0,0,3,fished,35Scarus,altipinnis,Scaridae,1,0,0,0,0,0,1,fished,60Scarus,chameleon,Scaridae,1,1,1,1,1,0,5,fished,31Scarus,dimidiatus,Scaridae,1,1,0,1,1,0,4,fished,40Scarus,festivus,Scaridae,1,0,0,0,0,0,1,fished,45Scarus,flavipectoralis,Scaridae,1,1,1,1,1,0,5,fished,40Scarus,forsteni,Scaridae,1,1,0,1,0,0,3,fished,55Scarus,frenatus,Scaridae,1,1,1,1,1,0,5,fished,47Scarus,ghobban,Scaridae,1,1,1,1,1,0,5,fished,90Scarus,globiceps,Scaridae,1,0,0,1,0,0,2,fished,45Scarus,niger,Scaridae,1,1,1,1,1,0,5,fished,40Scarus,oviceps,Scaridae,1,1,0,1,1,0,4,fished,35Scarus,prasiognathos,Scaridae,0,1,0,0,1,0,2,fished,70Scarus,psittacus,Scaridae,1,1,0,1,1,0,4,fished,30Scarus,pyrrhurus,Scaridae,1,0,0,0,0,0,1,fished,31Scarus,quoyi,Scaridae,1,1,1,1,1,0,5,fished,40Scarus,rivulatus,Scaridae,1,0,1,0,1,0,3,fished,40Scarus,rubroviolaceus,Scaridae,1,1,0,1,1,0,4,fished,70Scarus,schlegeli,Scaridae,1,0,1,1,1,0,4,fished,40Scarus,spinus,Scaridae,1,1,1,1,1,0,5,fished,30Scarus,tricolor,Scaridae,1,1,0,1,1,0,4,fished,26Rastrelliger ,kanagurta,Scombridae,1,1,1,1,1,0,5,Fished,38Aethaloperca,rogaa,Serranidae,1,1,0,1,1,0,4,fished,60Anyperodon,leucogrammicus,Serranidae,1,1,1,1,1,0,5,fished,65Cephalopholis,aitha,Serranidae,0,0,0,1,0,0,1,fished,40Cephalopholis,argus,Serranidae,1,1,1,1,1,0,5,fished,60Cephalopholis,boenack,Serranidae,1,1,1,1,1,0,5,fished,30Cephalopholis,cyanostigma,Serranidae,1,1,0,1,1,0,4,fished,40Cephalopholis,leopardus,Serranidae,1,1,0,1,1,0,4,fished,24Cephalopholis,microprion,Serranidae,1,1,0,1,1,0,4,fished,25Cephalopholis,miniata,Serranidae,1,1,0,1,1,1,5,fished,50Cephalopholis,polleni,Serranidae,1,1,0,1,0,0,3,fished,43Cephalopholis,sexmaculata,Serranidae,1,1,0,1,1,0,4,fished,50Cephalopholis,sonnerati,Serranidae,1,0,0,0,1,0,2,fished,57Cephalopholis,spiloparaea,Serranidae,1,1,0,1,1,0,4,fished,30Cephalopholis,urodeta,Serranidae,1,1,1,1,1,0,5,fished,28Cromileptes,altivelis,Serranidae,1,1,1,1,1,0,5,fished,70Diploprion,bifasciatum,Serranidae,1,1,1,1,1,0,5,fished,25Epinephelus,areolatus,Serranidae,1,1,0,0,0,0,2,fished,47Epinephelus,bleekeri,Serranidae,0,1,0,0,0,0,1,fished,76Epinephelus,bontoides,Serranidae,1,0,0,0,0,0,1,fished,30Epinephelus,caeruleopunctatus,Serranidae,1,1,0,1,1,0,4,fished,76Epinephelus,chlorostigma,Serranidae,0,1,0,0,0,0,1,fished,75Epinephelus,coioides,Serranidae,1,0,0,1,0,0,2,fished,120Epinephelus,corallicola,Serranidae,1,1,0,0,1,0,3,fished,49Epinephelus,cyanopodus,Serranidae,1,0,0,1,0,0,2,fished,122Epinephelus,fasciatus,Serranidae,1,1,1,1,1,0,5,fished,40Epinephelus,fuscoguttatus,Serranidae,1,1,1,1,1,0,5,fished,120Epinephelus,hexagonatus,Serranidae,1,1,0,1,1,0,4,fished,27.5Epinephelus,howlandi,Serranidae,1,0,0,0,1,0,2,fished,55Epinephelus,lanceolatus,Serranidae,0,1,0,1,1,0,3,fished,270Epinephelus,macrospilos,Serranidae,1,0,0,0,0,0,1,fished,51Epinephelus,maculatus,Serranidae,1,1,1,1,1,0,5,fished,60.5Epinephelus,malabaricus,Serranidae,0,0,0,1,0,0,1,fished,234Epinephelus,melanostigma,Serranidae,0,0,0,1,1,0,2,fished,35Epinephelus,merra,Serranidae,1,1,1,0,1,1,5,fished,32Epinephelus,miliaris,Serranidae,0,1,0,0,0,0,1,fished,53Epinephelus,morrhua,Serranidae,0,1,0,0,0,0,1,fished,90Epinephelus,ongus,Serranidae,1,1,0,1,0,1,4,fished,40Epinephelus,polyphekadion,Serranidae,1,1,1,1,1,0,5,fished,90Epinephelus,quoyanus,Serranidae,1,1,0,0,0,0,2,fished,40Epinephelus,spilotoceps,Serranidae,1,0,0,0,1,0,2,fished,35Epinephelus,undulosus,Serranidae,1,0,0,1,0,0,2,fished,120Gracila,albimarginata,Serranidae,1,1,1,1,1,0,5,fished,40Plectropomus,areolatus,Serranidae,1,1,0,1,1,0,4,fished,80Plectropomus,laevis,Serranidae,1,1,1,1,1,0,5,fished,125Plectropomus,leopardus,Serranidae,1,1,1,1,1,0,5,fished,120Plectropomus,maculatus,Serranidae,1,1,0,0,1,0,3,fished,125Plectropomus,oligocanthus,Serranidae,1,1,0,1,1,0,4,fished,75Variola,albimarginata,Serranidae,1,1,0,1,1,0,4,fished,65Variola,louti,Serranidae,1,1,0,1,1,0,4,fished,83Siganus,argenteus,Siganidae,1,1,1,1,1,0,5,fished,40Siganus,corallinus,Siganidae,1,1,0,1,1,1,5,fished,35Siganus,doliatus,Siganidae,1,1,0,1,1,0,4,fished,25Siganus,fuscescens,Siganidae,1,1,0,1,1,0,4,fished,40Siganus,javus,Siganidae,0,0,1,0,1,0,2,fished,53Siganus,lineatus,Siganidae,1,1,0,1,1,0,4,fished,43Siganus,puellus,Siganidae,1,1,1,1,1,0,5,fished,38Siganus,punctatissimus,Siganidae,1,1,0,1,1,0,4,fished,35Siganus,punctatus,Siganidae,1,1,0,1,1,0,4,fished,40Siganus,randalli,Siganidae,1,0,0,0,0,0,1,fished,30Siganus,spinus,Siganidae,1,1,1,1,1,0,5,fished,28Siganus,vermiculatus,Siganidae,0,0,0,1,1,1,3,fished,45Siganus,vulpinus,Siganidae,1,1,1,0,1,0,4,fished,25Sphyraena ,barracuda,Sphyraenidae,1,1,0,1,1,0,4,Fished,200Sphyraena ,qenie,Sphyraenidae,1,0,1,1,1,0,4,Fished,170Sphyrna,lewini,Sphyrnidae,1,1,0,0,0,0,2,fished,430Sphyrna,mokarran,Sphyrnidae,0,1,0,0,0,0,1,fished,610,,,394,339,168,349,330,69,,,